,test,train
rouge-1.r,0.4829425021269107,0.4851136533107834
rouge-1.p,0.16305577994288278,0.16591750287774967
rouge-1.f,0.2015093032123978,0.20111268715701566
rouge-2.r,0.20253200189748696,0.18773437236592447
rouge-2.p,0.06037841135155682,0.057554525040604466
rouge-2.f,0.0738461799852526,0.06964098542211067
rouge-l.r,0.43664166611414446,0.4387352739571355
rouge-l.p,0.14626656890822562,0.1480376938958136
rouge-l.f,0.18065145446990033,0.17967005138095699
